Organization,Followed On
TELUS Digital,Sun Nov 02 17:05:03 UTC 2025
BioTalent,Sat Nov 01 03:19:40 UTC 2025
Turing,Sat Nov 01 03:16:52 UTC 2025
Randstad,Tue Oct 21 22:11:27 UTC 2025
Pour la Science,Sun Oct 12 23:08:36 UTC 2025
Meet Life Sciences,Sun Oct 05 12:52:35 UTC 2025
Laboratoire Dermatologique ACM,Mon Sep 29 01:02:02 UTC 2025
Indegene,Sun Jun 22 21:25:19 UTC 2025
West Pharmaceutical Services,Mon Jun 16 16:02:32 UTC 2025
Communication,Fri Jun 13 22:33:45 UTC 2025
Acadia Pharmaceuticals Inc.,Tue Jun 10 09:36:27 UTC 2025
Genioo,Tue Jun 10 09:30:32 UTC 2025
L'Oréal,Fri Jun 06 17:15:06 UTC 2025
Eurofins,Fri Jun 06 17:15:03 UTC 2025
Teva Pharmaceuticals,Fri Jun 06 17:14:59 UTC 2025
Springer Health+,Fri Jun 06 17:14:53 UTC 2025
Institut Curie,Fri Jun 06 17:14:48 UTC 2025
UPSA,Fri Jun 06 17:14:46 UTC 2025
Medtronic,Fri Jun 06 17:14:32 UTC 2025
LEO Pharma France,Fri Jun 06 17:14:26 UTC 2025
EPM Scientific,Fri Jun 06 16:51:46 UTC 2025
AstraZeneca,Fri May 30 00:31:54 UTC 2025
Novo Nordisk,Fri May 30 00:31:53 UTC 2025
Unicancer,Fri May 30 00:31:50 UTC 2025
Servier,Fri May 30 00:31:47 UTC 2025
Merck Life Science,Fri May 30 00:31:44 UTC 2025
medac France,Fri May 30 00:31:41 UTC 2025
Roche France,Fri May 30 00:31:35 UTC 2025
OM Pharma,Fri May 30 00:31:33 UTC 2025
Outlier,Thu May 29 18:39:42 UTC 2025
SciSense,Mon May 19 03:10:12 UTC 2025
Manpower,Tue Apr 29 15:02:16 UTC 2025
YouTechCare,Wed Apr 02 14:49:44 UTC 2025
Pharmalancers Ltd,Thu Mar 27 20:34:30 UTC 2025
PHREE Community (Pharma Freelancing Community),Thu Mar 27 20:34:10 UTC 2025
MAYOLY,Sun Mar 09 08:23:51 UTC 2025
Expectra,Thu Feb 27 11:46:01 UTC 2025
Capgemini Engineering,Sat Dec 28 19:30:27 UTC 2024
ORPHELIA Pharma,Tue Dec 03 02:15:58 UTC 2024
Laboratoire Arrow,Mon Nov 11 19:31:27 UTC 2024
MaaT Pharma,Mon Nov 11 18:34:50 UTC 2024
CRCL Centre de Recherche en Cancérologie de Lyon,Mon Nov 11 18:34:48 UTC 2024
BIOTUESDAYS Métropole de Lyon,Mon Nov 11 18:34:40 UTC 2024
PHAXIAM Therapeutics,Thu Oct 10 06:55:45 UTC 2024
Nosopharm,Thu Oct 10 06:53:15 UTC 2024
Osivax,Thu Oct 10 06:52:52 UTC 2024
Scorpion Therapeutics,Thu Oct 10 06:26:47 UTC 2024
pharmatch.co,Mon Oct 07 11:56:47 UTC 2024
Clinotopia,Mon Oct 07 11:52:49 UTC 2024
Society for Integrative Oncology,Mon Sep 09 07:40:39 UTC 2024
Michael Page,Sun Jul 21 05:48:01 UTC 2024
Celltrion Healthcare France,Thu Jul 11 21:50:11 UTC 2024
EVER Pharma (Group),Sat Jul 06 02:48:37 UTC 2024
POXEL,Sat Jul 06 02:47:22 UTC 2024
Lyonbiopôle Auvergne-Rhône-Alpes,Mon May 20 11:08:46 UTC 2024
Laboratoire AdaptivLab,Wed May 15 22:31:59 UTC 2024
Brenus Pharma,Mon May 13 09:05:02 UTC 2024
BENTA Lyon,Tue Apr 30 16:14:36 UTC 2024
Viatris,Fri Apr 26 07:05:20 UTC 2024
Astellas Pharma,Thu Mar 28 20:41:05 UTC 2024
Laboratoires Théa,Tue Mar 05 21:32:55 UTC 2024
ANSM Agence nationale de sécurité du médicament et des produits de santé,Tue Mar 05 21:32:44 UTC 2024
Gustave Roussy,Tue Mar 05 21:32:39 UTC 2024
Bioprojet,Fri Mar 01 03:16:20 UTC 2024
CNRS,Tue Feb 27 23:06:34 UTC 2024
DNTech,Wed Feb 07 15:07:47 UTC 2024
MSD France,Fri Feb 02 14:56:14 UTC 2024
Valneva,Wed Dec 13 07:03:46 UTC 2023
Astellas Pharma US,Wed Dec 13 06:58:06 UTC 2023
Biocon Biologics,Thu Nov 16 10:52:49 UTC 2023
Strategic Communications,Thu Nov 16 10:51:01 UTC 2023
Leaman Life Sciences,Thu Nov 16 10:50:36 UTC 2023
Takeda,Thu Oct 05 08:34:07 UTC 2023
Thermo Fisher Scientific,Thu Oct 05 08:34:06 UTC 2023
AbbVie,Thu Oct 05 08:34:03 UTC 2023
GSK,Thu Oct 05 08:34:01 UTC 2023
Medpace,Thu Oct 05 08:31:36 UTC 2023
Science me Up - Cabinet de Recrutement Scientifique,Tue Oct 03 19:08:45 UTC 2023
PeploBio,Sat Aug 05 06:42:28 UTC 2023
Product Network Europe,Sun Jul 16 15:42:39 UTC 2023
DigitalKin,Wed Jun 28 19:18:57 UTC 2023
Novartis France,Wed Jun 28 19:17:47 UTC 2023
Homeopathy Research Institute,Wed Jun 28 19:17:38 UTC 2023
Théofilme PRODUCTION,Wed Jun 28 19:13:13 UTC 2023
BIOCODEX,Fri Apr 28 12:00:39 UTC 2023
Arkopharma,Fri Apr 28 12:00:31 UTC 2023
BIOGARAN,Fri Apr 28 12:00:27 UTC 2023
Laboratoires Pierre Fabre,Fri Apr 28 12:00:25 UTC 2023
Leem,Fri Apr 28 12:00:22 UTC 2023
Health United,Fri Apr 28 11:59:15 UTC 2023
helios.do,Fri Apr 28 10:29:14 UTC 2023
Institut Pasteur,Sat Mar 04 08:54:39 UTC 2023
Emagina,Sat Mar 04 08:51:48 UTC 2023
Organon Northwest Europe,Thu Mar 02 09:28:39 UTC 2023
Aguettant France,Wed Mar 01 12:55:07 UTC 2023
Pfizer,Wed Mar 01 12:19:10 UTC 2023
Merck,Wed Mar 01 12:19:07 UTC 2023
Sanofi Pasteur MSD,Wed Mar 01 12:19:04 UTC 2023
Genzyme Genetics,Wed Mar 01 12:07:41 UTC 2023
Jazz Pharmaceuticals,Sun Feb 26 14:10:16 UTC 2023
Institut Rafaël Santé Intégrative,Sun Feb 26 13:48:18 UTC 2023
LAINPHARMA,Mon Jan 30 21:55:21 UTC 2023
Boiron Laboratories,Mon Nov 28 09:14:21 UTC 2022
Boiron France,Sun Nov 27 20:51:52 UTC 2022
Emi Yoga | avec bienveillance • en ligne & sur Brindas,Fri Sep 30 06:52:03 UTC 2022
HumanesSens,Tue Mar 08 08:28:33 UTC 2022
Granny & Charly,Wed May 13 15:40:54 UTC 2020
Novartis Science,Tue Jan 07 14:07:46 UTC 2020
ENYO Pharma,Mon Dec 02 16:00:26 UTC 2019
Imaxio,Mon Dec 02 15:45:04 UTC 2019
Ipsen,Mon Nov 25 08:03:19 UTC 2019
Johnson & Johnson,Mon Nov 25 08:03:17 UTC 2019
Novartis,Mon Nov 25 08:03:00 UTC 2019
Merck Group,Mon Nov 18 16:24:32 UTC 2019
bioMérieux,Mon Nov 18 14:31:53 UTC 2019
Roche,Thu Oct 10 08:42:28 UTC 2019
Boehringer Ingelheim,Thu Oct 10 08:41:19 UTC 2019
MSD,Thu Oct 10 08:40:23 UTC 2019
IWIMO,Thu Oct 10 08:33:38 UTC 2019
Université de Montpellier,Tue Oct 08 12:47:59 UTC 2019
Aix-Marseille University,Tue Oct 08 12:45:39 UTC 2019
Université Claude Bernard Lyon 1,Tue Oct 08 12:45:32 UTC 2019
Université Catholique de Lyon,Tue Oct 08 12:33:36 UTC 2019
Doctalia,Thu May 16 07:42:50 UTC 2019
Labiotech.eu,Tue Apr 16 19:26:23 UTC 2019
ADOCIA,Thu Mar 07 10:00:50 UTC 2019
genOway,Thu Mar 07 09:45:16 UTC 2019
Transgene,Tue Feb 26 08:50:22 UTC 2019
ACS Biotech,Tue Feb 26 08:02:44 UTC 2019
IZInovation,Mon Feb 25 09:23:24 UTC 2019
PULSALYS,Sun Feb 24 15:38:06 UTC 2019
Technological University Dublin,Thu Jan 31 22:16:28 UTC 2019
EASL | The Home of Hepatology,Thu Apr 12 13:52:49 UTC 2018
Laboratoire Aguettant,Wed Oct 18 05:26:07 UTC 2023
invalid15092837,Mon Sep 05 10:55:31 UTC 2016
Inserm,Tue Oct 20 19:42:41 UTC 2015
Sanofi,Wed Aug 31 15:35:20 UTC 2022
Vaccines at Sanofi,Thu Mar 19 06:10:49 UTC 2015